{"schemaVersion":"1.0","appDefinitionTemplate":{"id":"/providers/Microsoft.PowerApps/apps/","type":"Microsoft.PowerApps/apps","tags":{"primaryDeviceWidth":"1366","primaryDeviceHeight":"768","supportsPortrait":"true","supportsLandscape":"true","primaryFormFactor":"Tablet","showStatusBar":"false","publisherVersion":"3.25072.6","minimumRequiredApiVersion":"2.2.0","hasComponent":"false","hasUnlockedComponent":"false","isUnifiedRootApp":"false","sienaVersion":"20250727T050932Z-3.25072.6.0"},"properties":{"appVersion":"2025-07-27T05:09:32Z","lifeCycleId":"Published","createdByClientVersion":{"major":3,"minor":25072,"build":6,"revision":0,"majorRevision":0,"minorRevision":0},"minClientVersion":{"major":3,"minor":25072,"build":6,"revision":0,"majorRevision":0,"minorRevision":0},"backgroundColor":"RGBA(0,176,240,1)","backgroundImageUri":"/7067288526197149048/N0b1508bc-e191-4dcf-8b94-aa08bc81d2e2-logoSmallFile","displayName":"Leave_WFH  2","description":"","commitMessage":"","appUris":{"documentUri":{"value":"/7067288526197149048/N56060cfd-902a-4ee5-ac22-e866acc3e43c-document.msapp"},"imageUris":[],"additionalUris":[{"isSolutionAware":false,"value":"/7067288526197149048/N6f03258b-9fd7-4d5a-a473-e421c882b7c9-identity.json"}]},"createdTime":"0001-01-01T00:00:00Z","lastModifiedTime":"0001-01-01T00:00:00Z","sharedGroupsCount":0,"sharedUsersCount":0,"connectionReferences":{"a9e12046-91b1-4cde-bf98-f3a9a93396bf":{"id":"4ed9a0b5-8009-4673-a7b8-f4de2ab1217c","displayName":"Office 365 Users","iconUri":"https://conn-afd-prod-endpoint-bmc9bqahasf3grgk.b01.azurefd.net/v1.0.1751/1.0.1751.4213/office365users/icon.png","dataSources":["Office365Users"],"dependencies":[],"dependents":[],"parameterHints":{},"parameterHintsV2":{},"isOnPremiseConnection":false,"bypassConsent":false,"dataSets":{},"apiTier":"Standard","isCustomApiConnection":false,"actions":["MyProfile","Manager","UserPhoto","UserProfile"]},"53c10e52-7ec8-4a48-84ea-b6af2b35f14b":{"id":"fd7698a4-0172-46fa-8e9d-eaa10c4e57d0","displayName":"SharePoint","iconUri":"https://conn-afd-prod-endpoint-bmc9bqahasf3grgk.b01.azurefd.net/v1.0.1754/1.0.1754.4231/sharepointonline/icon.png","dataSources":["Leave_WFH_Shivam"],"dependencies":[],"dependents":[],"parameterHints":{},"parameterHintsV2":{},"isOnPremiseConnection":false,"bypassConsent":false,"dataSets":{"https://hclo365.sharepoint.com/sites/CloudAutonomicsTeamROW":{"dataSources":{"Leave_WFH_Shivam":{"tableName":"89843596-ac4d-4878-8584-b32cbf4bfa71"}}}},"apiTier":"Standard","isCustomApiConnection":false,"actions":["providers/PowerPlatform.Governance/Operations/Read","providers/PowerPlatform.Governance/Operations/Write"]},"ff0f08fd-780a-423c-9a7c-21ecdcd38952":{"id":"1ca3c544-913d-4acb-9ccf-6c40e224dbf3","displayName":"Office 365 Outlook","iconUri":"https://conn-afd-prod-endpoint-bmc9bqahasf3grgk.b01.azurefd.net/office365u_g_sqlPartialBuild/1.0.1759.4273/office365/icon.png","dataSources":["Office365Outlook"],"dependencies":[],"dependents":[],"parameterHints":{},"parameterHintsV2":{},"isOnPremiseConnection":false,"bypassConsent":false,"dataSets":{},"apiTier":"Standard","isCustomApiConnection":false,"actions":["SendEmailV2"]}},"databaseReferences":{},"almMode":"Environment","performanceOptimizationEnabled":true,"canConsumeAppPass":true,"enableModernRuntimeMode":false,"executionRestrictions":{"isTeamsOnly":false,"dataLossPreventionEvaluationResult":{"status":"Compliant","lastEvaluationDate":"2025-07-16T13:36:14.0909573Z","violations":[],"violationsByPolicy":[],"violationErrorMessage":"The app uses the following connectors: shared_office365users, shared_sharepointonline, shared_office365."}}},"isAppComponentLibrary":false,"appType":"ClassicCanvasApp","appComponents":[]}}