{"name":"33f15415-78cf-4799-a2fb-f3c805556c93","id":"/providers/Microsoft.Flow/flows/33f15415-78cf-4799-a2fb-f3c805556c93","type":"Microsoft.Flow/flows","properties":{"apiId":"/providers/Microsoft.PowerApps/apis/shared_logicflows","displayName":"SendSkillApprovalEmail","definition":{"metadata":{"workflowEntityId":null,"processAdvisorMetadata":null,"flowChargedByPaygo":null,"flowclientsuspensionreason":"None","flowclientsuspensiontime":null,"flowclientsuspensionreasondetails":null,"creator":{"id":"305f67c9-d0bf-4b9b-a08d-7d51835b84a1","type":"User","tenantId":"189de737-c93a-4f5a-8b68-6f4ca9941912"},"provisioningMethod":"FromDefinition","failureAlertSubscription":true,"clientLastModifiedTime":"2025-04-19T05:03:47.2666675Z","connectionKeySavedTimeKey":"2025-07-22T09:12:01.2761071Z","creationSource":"PowerappsPpux","modifiedSources":"PowerappsPpux"},"$schema":"https://schema.management.azure.com/providers/Microsoft.Logic/schemas/2016-06-01/workflowdefinition.json#","contentVersion":"1.0.0.0","parameters":{"$connections":{"defaultValue":{},"type":"Object"},"$authentication":{"defaultValue":{},"type":"SecureObject"}},"triggers":{"manual":{"metadata":{"operationMetadataId":"65fdae2e-4a40-4217-bae1-f1b4efeac1be"},"type":"Request","kind":"PowerAppV2","inputs":{"schema":{"type":"object","properties":{"text":{"title":"UserEmail","type":"string","x-ms-dynamically-added":true,"description":"Please enter your input","x-ms-content-hint":"TEXT"},"text_1":{"title":"UserName","type":"string","x-ms-dynamically-added":true,"description":"Please enter your input","x-ms-content-hint":"TEXT"},"text_2":{"title":"RecordID","type":"string","x-ms-dynamically-added":true,"description":"Please enter your input","x-ms-content-hint":"TEXT"},"text_3":{"title":"Skill","type":"string","x-ms-dynamically-added":true,"description":"Please enter your input","x-ms-content-hint":"TEXT"},"text_4":{"title":"RYS","type":"string","x-ms-dynamically-added":true,"description":"Please enter your input","x-ms-content-hint":"TEXT"},"text_5":{"title":"SkillSubmitDate","type":"string","x-ms-dynamically-added":true,"description":"Please enter your input","x-ms-content-hint":"TEXT"},"text_6":{"title":"ApprovalStatus","type":"string","x-ms-dynamically-added":true,"description":"Please enter your input","x-ms-content-hint":"TEXT"},"text_7":{"title":"ManagerEmail","type":"string","x-ms-dynamically-added":true,"description":"Please enter your input","x-ms-content-hint":"TEXT"}},"required":["text","text_1","text_2","text_3","text_4","text_5","text_6","text_7"]}}}},"actions":{"Send_an_email_(V2)":{"runAfter":{},"metadata":{"operationMetadataId":"fd38afd3-0ddf-47ea-b9f5-e2a6a91c7976"},"type":"OpenApiConnection","inputs":{"host":{"apiId":"/providers/Microsoft.PowerApps/apis/shared_office365","connectionName":"shared_office365","operationId":"SendEmailV2"},"parameters":{"emailMessage/To":"@triggerBody()['text']","emailMessage/Subject":"Skill Approval Status Updated","emailMessage/Body":"<p>Hi @{triggerBody()['text_1']}&lt;br&gt;&lt;br&gt;<br>\nYour new skill approval request for record ID &lt;b&gt;@{triggerBody()['text_2']}&lt;/b&gt; has been updated.&lt;br&gt;&lt;br&gt;<br>\n&lt;b&gt;Skill:&lt;/b&gt; @{triggerBody()['text_3']}&lt;br&gt;<br>\n&lt;b&gt;RYS:&lt;/b&gt; @{triggerBody()['text_4']}&lt;br&gt;<br>\n&lt;b&gt;Skill Submitted Date:&lt;/b&gt; @{triggerBody()['text_5']}&lt;br&gt;<br>\n&lt;b&gt;Approval Status:&lt;/b&gt; &lt;span style='color:blue;'&gt;&lt;/span&gt;&lt;br&gt;&lt;br&gt;<br>\nThanks &amp; Regards,&lt;@{triggerBody()['text_6']}br&gt;<br>\nPower BI Management Team&lt;br&gt;<br>\nHCLTech Noida, India</p>","emailMessage/Cc":"@triggerBody()['text_7']","emailMessage/Importance":"High"},"authentication":{"value":"@json(decodeBase64(triggerOutputs().headers['X-MS-APIM-Tokens']))['$ConnectionKey']","type":"Raw"}}}}},"connectionReferences":{"shared_office365":{"connectionName":"4e3a0230532c4c40b4fe505e592009d2","source":"Invoker","id":"/providers/Microsoft.PowerApps/apis/shared_office365","tier":"NotSpecified","apiName":"office365","isProcessSimpleApiReferenceConversionAlreadyDone":false}},"flowFailureAlertSubscribed":false,"isManaged":false}}