{"schemaVersion":"1.0","appDefinitionTemplate":{"id":"/providers/Microsoft.PowerApps/apps/","type":"Microsoft.PowerApps/apps","tags":{"primaryDeviceWidth":"1366","primaryDeviceHeight":"768","supportsPortrait":"true","supportsLandscape":"true","primaryFormFactor":"Tablet","showStatusBar":"false","publisherVersion":"3.25042.10","minimumRequiredApiVersion":"2.2.0","hasComponent":"false","hasUnlockedComponent":"false","isUnifiedRootApp":"false","sienaVersion":"20250423T050437Z-3.25042.10.0"},"properties":{"appVersion":"2025-04-23T05:04:37Z","lifeCycleId":"Published","createdByClientVersion":{"major":3,"minor":25042,"build":10,"revision":0,"majorRevision":0,"minorRevision":0},"minClientVersion":{"major":3,"minor":25042,"build":10,"revision":0,"majorRevision":0,"minorRevision":0},"backgroundColor":"RGBA(0,176,240,1)","backgroundImageUri":"/11817438774396785569/N9db449a0-86fc-45fd-b862-c7ff4b1494fc-logoSmallFile","displayName":"Resource Skill App_BI Team_Shivam","description":"","commitMessage":"","appUris":{"documentUri":{"value":"/11817438774396785569/N4e707ba1-a0a5-46eb-81d9-ce69c69bcc05-document.msapp"},"imageUris":[],"additionalUris":[{"isSolutionAware":false,"value":"/11817438774396785569/N025e017a-80f0-431f-9926-52f28c04262e-identity.json"}]},"createdTime":"0001-01-01T00:00:00Z","lastModifiedTime":"0001-01-01T00:00:00Z","sharedGroupsCount":0,"sharedUsersCount":0,"connectionReferences":{"3f387b1d-fc96-4a56-a573-5c89be4c694f":{"id":"fd7698a4-0172-46fa-8e9d-eaa10c4e57d0","displayName":"SharePoint","iconUri":"https://conn-afd-prod-endpoint-bmc9bqahasf3grgk.b01.azurefd.net/releases/v1.0.1746/1.0.1746.4174/sharepointonline/icon.png","dataSources":["Resource skill Data_BI Team","Resource Mapping_BI Team"],"dependencies":[],"dependents":[],"parameterHints":{},"parameterHintsV2":{},"isOnPremiseConnection":false,"bypassConsent":false,"dataSets":{"https://hclo365.sharepoint.com/sites/CloudAutonomicsTeamROW":{"dataSources":{"Resource skill Data_BI Team":{"tableName":"b0818587-c3f2-47a9-879a-dcc4c2b571e2"},"Resource Mapping_BI Team":{"tableName":"7fd642ba-cc56-4920-9d34-2c319e1df5c1"}}}},"apiTier":"Standard","isCustomApiConnection":false,"actions":["providers/PowerPlatform.Governance/Operations/Read","providers/PowerPlatform.Governance/Operations/Write","providers/PowerPlatform.Governance/Operations/Delete"]},"55d9db74-81f6-428f-a304-12499a7982a3":{"id":"1ca3c544-913d-4acb-9ccf-6c40e224dbf3","displayName":"Office 365 Outlook","iconUri":"https://conn-afd-prod-endpoint-bmc9bqahasf3grgk.b01.azurefd.net/releases/v1.0.1747/1.0.1748.4181/office365/icon.png","dataSources":["Office365Outlook"],"dependencies":[],"dependents":["e02d4542-3759-4ae4-8146-bf2dc8a4f1c7"],"parameterHints":{},"parameterHintsV2":{},"isOnPremiseConnection":false,"bypassConsent":false,"dataSets":{},"apiTier":"Standard","isCustomApiConnection":false,"actions":["SendEmailV2"]},"044e4921-4df0-41fc-ac87-7bcc83944ead":{"id":"4ed9a0b5-8009-4673-a7b8-f4de2ab1217c","displayName":"Office 365 Users","iconUri":"https://conn-afd-prod-endpoint-bmc9bqahasf3grgk.b01.azurefd.net/releases/v1.0.1746/1.0.1746.4174/office365users/icon.png","dataSources":["Office365Users"],"dependencies":[],"dependents":[],"parameterHints":{},"parameterHintsV2":{},"isOnPremiseConnection":false,"bypassConsent":false,"dataSets":{},"apiTier":"Standard","isCustomApiConnection":false,"actions":["UserProfile","UserPhoto_V2"]},"e02d4542-3759-4ae4-8146-bf2dc8a4f1c7":{"id":"f75bfd79-8eb2-49e6-b380-6e3f89a0799b","displayName":"Logic flows","iconUri":"https://conn-afd-prod-endpoint-bmc9bqahasf3grgk.b01.azurefd.net/releases/v1.0.1745/1.0.1745.4169/logicflows/icon.png","dataSources":["SendSkillApprovalEmail"],"dependencies":["55d9db74-81f6-428f-a304-12499a7982a3"],"dependents":[],"parameterHints":{"workflowName":{"value":"2953c0a3-2da5-4a36-955c-4807d9e71de3"},"workflowEntityId":{},"workflowDisplayName":{"value":"SendSkillApprovalEmail"},"55d9db74-81f6-428f-a304-12499a7982a3":{"value":"shared_office365"}},"parameterHintsV2":{"workflowName":{"value":"2953c0a3-2da5-4a36-955c-4807d9e71de3"},"workflowEntityId":{},"workflowDisplayName":{"value":"SendSkillApprovalEmail"},"shared_office365":{"value":"55d9db74-81f6-428f-a304-12499a7982a3"}},"isOnPremiseConnection":false,"bypassConsent":false,"dataSets":{},"apiTier":"Standard","isCustomApiConnection":false,"nestedActions":[{"id":"/providers/Microsoft.PowerApps/apis/shared_office365/apiOperations/SendEmailV2","flowConnectionRef":"shared_office365","apiName":"Office 365 Outlook","actionName":"SendEmailV2","referencedResources":[]}]}},"databaseReferences":{},"almMode":"Environment","performanceOptimizationEnabled":true,"canConsumeAppPass":false,"enableModernRuntimeMode":false,"executionRestrictions":{"isTeamsOnly":false,"dataLossPreventionEvaluationResult":{"status":"Compliant","lastEvaluationDate":"2025-04-23T05:04:48.4127033Z","violations":[],"violationsByPolicy":[],"violationErrorMessage":"The app uses the following connectors: shared_sharepointonline, shared_office365, shared_office365users, shared_logicflows."},"httpActionRestriction":{"appUsesSharepointHttpAction":false,"enforcementStrategy":"Legacy","evaluationTime":"2025-04-23T05:04:48.4125545Z"}}},"isAppComponentLibrary":false,"appType":"ClassicCanvasApp","appComponents":[]}}